Surname,"Name","Email address",State,"Started on",Completed,"Time taken",Grade,"Q. 1 /0.24","Q. 2 /0.24","Q. 3 /0.24","Q. 4 /0.24","Q. 5 /0.24","Q. 6 /0.24","Q. 7 /0.24","Q. 8 /0.24","Q. 9 /0.24","Q. 10 /0.24","Q. 11 /0.24","Q. 12 /0.24","Q. 13 /0.24","Q. 14 /0.24","Q. 15 /0.24","Q. 16 /0.24","Q. 17 /0.24","Q. 18 /0.24","Q. 19 /0.24","Q. 20 /0.24","Q. 21 /0.24","Q. 22 /0.24","Q. 23 /0.24","Q. 24 /0.24","Q. 25 /0.24","Q. 26 /0.24","Q. 27 /0.24","Q. 28 /0.24","Q. 29 /0.24","Q. 30 /0.24","Q. 31 /0.24","Q. 32 /0.24","Q. 33 /0.24","Q. 34 /0.24","Q. 35 /0.24","Q. 36 /0.24","Q. 37 /0.24","Q. 38 /0.24","Q. 39 /0.24","Q. 40 /0.24","Q. 41 /0.24","Q. 42 /0.24"
Menon,Vedant,vm12510@example.com,Finished,"3 April 2022  8:10 AM","3 April 2022  8:42 AM","32 mins 20 secs",7.86,0.24,0.24,0.24,0.00,0.24,0.24,0.24,0.24,0.24,0.24,0.24,0.24,0.00,0.24,0.24,0.24,0.24,0.00,0.24,0.24,0.24,0.24,0.00,0.24,0.24,0.24,0.24,0.00,0.24,0.24,0.00,0.24,0.24,0.00,0.24,0.24,0.24,0.24,0.00,0.00,0.24,0.24
Wapshaka,Ruth,rw12450@example.com,Finished,"3 April 2022  8:10 AM","3 April 2022  8:50 AM","40 mins 38 secs",8.81,0.24,0.00,0.24,0.24,0.24,0.24,0.24,0.24,0.24,0.24,0.24,0.24,0.24,0.24,0.24,0.24,0.24,0.24,0.24,0.00,0.24,0.00,0.00,0.24,0.24,0.24,0.24,0.00,0.24,0.24,0.24,0.24,0.24,0.24,0.24,0.24,0.24,0.24,0.24,0.24,0.24,0.24
Sheikh,Umer,us7903@example.com,Finished,"3 April 2022  8:10 AM","3 April 2022  8:47 AM","36 mins 58 secs",9.52,0.00,0.24,0.24,0.24,0.24,0.24,0.24,0.24,0.24,0.24,0.24,0.24,0.24,0.24,0.24,0.24,0.24,0.24,0.24,0.24,0.24,0.24,0.24,0.24,0.24,0.24,0.00,0.24,0.24,0.24,0.24,0.24,0.24,0.24,0.24,0.24,0.24,0.24,0.24,0.24,0.24,0.24
Khan,Behesht,bk7757@example.com,Finished,"3 April 2022  8:10 AM","3 April 2022  8:56 AM","45 mins 59 secs",7.62,0.24,0.00,0.00,0.24,0.24,0.24,0.24,0.24,0.24,0.24,0.24,0.00,0.00,0.24,0.24,0.00,0.24,0.00,0.24,0.24,0.24,0.24,0.24,0.24,0.00,0.24,0.00,0.24,0.24,0.00,0.24,0.24,0.00,0.24,0.24,0.24,0.24,0.24,0.24,0.24,0.24,0.24
Benz-Breen,Leo,lb100024@example.com,Finished,"3 April 2022  8:10 AM","3 April 2022  8:44 AM","34 mins 17 secs",7.38,0.24,0.24,0.24,0.00,0.00,0.00,0.24,0.24,0.24,0.24,0.24,0.00,0.24,0.24,0.24,0.00,0.24,0.00,0.00,0.24,0.24,0.24,0.00,0.24,0.00,0.24,0.24,0.00,0.24,0.00,0.24,0.24,0.24,0.24,0.24,0.24,0.24,0.24,0.24,0.24,0.24,0.24
"De Farias",Alice,ad100056@example.com,Finished,"3 April 2022  8:10 AM","3 April 2022  8:52 AM","42 mins 3 secs",6.43,0.00,0.00,0.00,0.00,0.24,0.24,0.24,0.24,0.24,0.00,0.24,0.24,0.24,0.00,0.24,0.24,0.24,0.00,0.24,0.00,0.24,0.00,0.00,0.24,0.24,0.00,0.24,0.00,0.24,0.24,0.00,0.24,0.00,0.24,0.24,0.24,0.24,0.24,0.24,0.24,0.24,0.00
Fuad,Fouad,ff10617@example.com,Finished,"3 April 2022  8:10 AM","3 April 2022  8:47 AM","37 mins 6 secs",9.76,0.00,0.24,0.24,0.24,0.24,0.24,0.24,0.24,0.24,0.24,0.24,0.24,0.24,0.24,0.24,0.24,0.24,0.24,0.24,0.24,0.24,0.24,0.24,0.24,0.24,0.24,0.24,0.24,0.24,0.24,0.24,0.24,0.24,0.24,0.24,0.24,0.24,0.24,0.24,0.24,0.24,0.24
Kamal,Ayaana,ak9002@example.com,Finished,"3 April 2022  8:10 AM","3 April 2022  8:36 AM","25 mins 38 secs",6.43,0.00,0.00,0.00,0.00,0.00,0.24,0.24,0.24,0.24,0.00,0.24,0.24,0.24,0.24,0.24,0.00,0.24,0.00,0.00,0.00,0.00,0.24,0.24,0.00,0.00,0.24,0.00,0.00,0.24,0.24,0.24,0.24,0.24,0.24,0.24,0.24,0.24,0.24,0.24,0.24,0.24,0.24
Purinton,Lauren,lp12514@example.com,Finished,"3 April 2022  8:10 AM","3 April 2022  8:45 AM","34 mins 45 secs",8.57,0.00,0.24,0.24,0.24,0.24,0.24,0.24,0.24,0.24,0.24,0.24,0.24,0.24,0.24,0.24,0.24,0.24,0.24,0.24,0.24,0.24,0.24,0.00,0.24,0.24,0.24,0.24,0.00,0.24,0.24,0.24,0.24,0.24,0.24,0.24,0.00,0.00,0.24,0.24,0.24,0.00,0.24
Khan,Ayaan,ak8553@example.com,Finished,"3 April 2022  8:10 AM","3 April 2022  8:46 AM","36 mins 25 secs",8.81,0.00,0.24,0.24,0.24,0.24,0.24,0.24,0.24,0.24,0.24,0.24,0.24,0.24,0.24,0.24,0.00,0.24,0.00,0.24,0.24,0.24,0.24,0.24,0.24,0.24,0.24,0.00,0.24,0.24,0.24,0.24,0.24,0.24,0.00,0.24,0.24,0.24,0.24,0.24,0.24,0.24,0.24
Espinola,Pedro,pe12256@example.com,Finished,"3 April 2022  8:10 AM","3 April 2022  8:41 AM","30 mins 40 secs",8.57,0.00,0.24,0.24,0.24,0.24,0.24,0.24,0.24,0.24,0.24,0.24,0.00,0.24,0.24,0.24,0.24,0.24,0.24,0.00,0.24,0.24,0.24,0.00,0.24,0.24,0.24,0.00,0.00,0.24,0.24,0.24,0.24,0.24,0.24,0.24,0.24,0.24,0.24,0.24,0.24,0.24,0.24
Jafree,Alizeh,aj7904@example.com,Finished,"3 April 2022  8:10 AM","3 April 2022  8:55 AM","45 mins 12 secs",7.38,0.00,0.24,0.24,0.00,0.24,0.24,0.24,0.24,0.24,0.00,0.24,0.24,0.00,0.24,0.24,0.24,0.00,0.24,0.24,0.24,0.00,0.00,0.24,0.24,0.00,0.24,0.24,0.00,0.24,0.24,0.24,0.24,0.00,0.24,0.24,0.24,0.24,0.24,0.24,0.00,0.24,0.24
Abbasi,Hadi,ha12462@example.com,Finished,"3 April 2022  8:10 AM","3 April 2022  8:33 AM","23 mins 2 secs",3.81,0.00,0.00,0.24,0.24,0.00,0.24,0.00,0.24,0.00,0.00,0.24,0.24,0.24,0.00,0.24,0.00,0.00,0.24,0.24,0.24,0.24,0.00,0.00,0.24,0.00,0.00,0.00,0.00,0.24,0.00,0.00,0.24,0.00,0.00,0.00,0.00,0.00,0.00,0.00,0.00,0.00,0.24
Pradhan,Rhea,rp12511@example.com,Finished,"3 April 2022  8:11 AM","3 April 2022  8:48 AM","37 mins 51 secs",6.90,0.00,0.00,0.24,0.24,0.24,0.24,0.24,0.24,0.24,0.24,0.24,0.24,0.24,0.24,0.24,0.24,0.24,0.24,0.00,0.00,0.00,0.00,0.24,0.00,0.00,0.00,0.00,0.00,0.24,0.24,0.24,0.24,0.24,0.24,0.24,0.00,0.24,0.24,0.24,0.24,0.00,0.24
Mayer,Yasmine,ym11742@example.com,Finished,"3 April 2022  8:11 AM","3 April 2022  8:38 AM","27 mins 20 secs",9.52,0.24,0.24,0.24,0.24,0.24,0.24,0.24,0.24,0.24,0.24,0.24,0.24,0.24,0.24,0.24,0.24,0.24,0.24,0.24,0.24,0.24,0.24,0.00,0.24,0.24,0.24,0.24,0.00,0.24,0.24,0.24,0.24,0.24,0.24,0.24,0.24,0.24,0.24,0.24,0.24,0.24,0.24
Mirza,Zain,zm7915@example.com,Finished,"3 April 2022  8:11 AM","3 April 2022  8:42 AM","31 mins 47 secs",8.57,0.24,0.24,0.24,0.24,0.24,0.24,0.24,0.24,0.24,0.24,0.24,0.00,0.24,0.24,0.24,0.24,0.24,0.00,0.00,0.24,0.24,0.24,0.24,0.24,0.24,0.24,0.00,0.00,0.00,0.24,0.24,0.24,0.24,0.24,0.24,0.24,0.24,0.24,0.24,0.24,0.24,0.24
"Al Malood",Serene,sa7728@example.com,Finished,"3 April 2022  8:11 AM","3 April 2022  8:48 AM","37 mins 48 secs",5.48,0.00,0.00,0.00,0.00,0.00,0.24,0.24,0.24,0.00,0.24,0.24,0.24,0.24,0.24,0.24,0.24,0.00,0.24,0.00,0.24,0.00,0.00,0.24,0.00,0.00,0.00,0.00,0.00,0.24,0.00,0.00,0.24,0.24,0.24,0.24,0.00,0.24,0.24,0.24,0.24,0.00,0.24
AlAali,Alia,aa8114@example.com,Finished,"3 April 2022  8:11 AM","3 April 2022  8:51 AM","40 mins 45 secs",7.14,0.00,0.00,0.00,0.24,0.24,0.24,0.24,0.24,0.24,0.00,0.24,0.00,0.24,0.24,0.24,0.24,0.24,0.24,0.24,0.24,0.00,0.00,0.24,0.24,0.24,0.24,0.24,0.24,0.24,0.00,0.24,0.24,0.00,0.00,0.00,0.24,0.24,0.24,0.24,0.24,0.00,0.24
Buhusain,Hasan,hb12454@example.com,Finished,"3 April 2022  8:11 AM","3 April 2022  8:56 AM","45 mins 18 secs",7.86,0.00,0.24,0.24,0.24,0.24,0.24,0.24,0.24,0.24,0.24,0.24,0.00,0.24,0.24,0.24,0.00,0.24,0.24,0.24,0.24,0.24,0.24,0.00,0.24,0.24,0.24,0.24,0.24,0.24,0.24,0.24,0.24,0.24,0.00,0.00,0.24,0.24,0.24,0.00,0.00,0.00,0.24
Ebrahim,Elias,ee11644@example.com,Finished,"3 April 2022  8:11 AM","3 April 2022  8:44 AM","33 mins 38 secs",4.05,0.00,0.24,0.24,0.00,0.24,0.00,0.00,0.24,0.00,0.00,0.24,0.00,0.24,0.00,0.24,0.24,0.24,0.24,0.00,0.24,0.24,0.00,0.24,0.00,0.00,0.00,0.24,0.00,0.24,0.00,0.24,0.24,0.00,0.00,0.00,0.00,0.00,0.00,0.00,0.00,0.00,0.00
Savastano,Alessandro,as8232@example.com,Finished,"4 April 2022  8:05 AM","4 April 2022  8:34 AM","29 mins 26 secs",8.81,0.24,0.24,0.24,0.24,0.24,0.24,0.24,0.24,0.24,0.24,0.24,0.24,0.24,0.24,0.24,0.24,0.24,0.00,0.00,0.24,0.24,0.24,0.00,0.24,0.24,0.24,0.00,0.00,0.24,0.24,0.24,0.24,0.24,0.24,0.24,0.24,0.24,0.24,0.24,0.24,0.24,0.24
Boyle,Freddie,fb7801@example.com,Finished,"4 April 2022  8:05 AM","4 April 2022  8:41 AM","35 mins 47 secs",6.43,0.00,0.24,0.24,0.00,0.24,0.24,0.24,0.24,0.24,0.24,0.00,0.00,0.00,0.24,0.24,0.24,0.24,0.00,0.24,0.24,0.00,0.00,0.00,0.00,0.00,0.24,0.24,0.00,0.24,0.00,0.24,0.24,0.24,0.24,0.24,0.24,0.24,0.24,0.00,0.00,0.24,0.24
John,Aarin,aj12207@example.com,Finished,"4 April 2022  8:05 AM","4 April 2022  8:44 AM","39 mins 15 secs",8.81,0.24,0.00,0.24,0.24,0.00,0.24,0.24,0.24,0.24,0.24,0.24,0.24,0.24,0.24,0.24,0.24,0.24,0.24,0.24,0.24,0.24,0.24,0.24,0.24,0.24,0.24,0.24,0.24,0.24,0.24,0.24,0.24,0.24,0.00,0.24,0.24,0.24,0.24,0.24,0.24,0.00,0.00
Shabsogh,Ruslan,rs9942@example.com,Finished,"4 April 2022  8:05 AM","4 April 2022  8:29 AM","24 mins 15 secs",9.05,0.24,0.24,0.24,0.24,0.00,0.24,0.24,0.24,0.24,0.24,0.24,0.24,0.24,0.24,0.24,0.24,0.24,0.00,0.24,0.00,0.24,0.24,0.24,0.24,0.24,0.24,0.24,0.00,0.24,0.24,0.24,0.24,0.24,0.24,0.24,0.24,0.24,0.24,0.24,0.24,0.24,0.24
Peters,Gabriella,gp12367@example.com,Finished,"4 April 2022  8:05 AM","4 April 2022  8:33 AM","27 mins 44 secs",6.19,0.00,0.24,0.24,0.24,0.00,0.24,0.24,0.24,0.24,0.24,0.24,0.24,0.24,0.24,0.24,0.00,0.24,0.00,0.24,0.00,0.00,0.00,0.00,0.24,0.24,0.24,0.00,0.00,0.00,0.24,0.24,0.24,0.24,0.00,0.00,0.24,0.24,0.24,0.00,0.00,0.00,0.24
Chughtai,Safienaaz,sc12231@example.com,Finished,"4 April 2022  8:05 AM","4 April 2022  8:41 AM","35 mins 55 secs",9.52,0.24,0.24,0.24,0.24,0.24,0.24,0.24,0.24,0.24,0.24,0.00,0.24,0.24,0.24,0.24,0.24,0.24,0.24,0.24,0.24,0.24,0.24,0.24,0.24,0.24,0.24,0.24,0.00,0.24,0.24,0.24,0.24,0.24,0.24,0.24,0.24,0.24,0.24,0.24,0.24,0.24,0.24
"Du Plessis",Ashley,ad11143@example.com,Finished,"4 April 2022  8:05 AM","4 April 2022  8:43 AM","38 mins",8.10,0.24,0.00,0.00,0.00,0.24,0.24,0.24,0.24,0.24,0.24,0.24,0.24,0.24,0.24,0.24,0.24,0.24,0.00,0.24,0.24,0.24,0.24,0.24,0.00,0.00,0.24,0.24,0.24,0.24,0.00,0.24,0.24,0.24,0.24,0.00,0.24,0.24,0.24,0.24,0.24,0.24,0.24
Booijse,Almyne,ab8391@example.com,Finished,"4 April 2022  8:05 AM","4 April 2022  8:45 AM","40 mins 5 secs",8.57,0.24,0.24,0.24,0.24,0.24,0.24,0.24,0.24,0.00,0.24,0.24,0.24,0.00,0.24,0.24,0.24,0.24,0.24,0.00,0.24,0.24,0.00,0.24,0.24,0.24,0.24,0.24,0.00,0.24,0.24,0.24,0.24,0.24,0.24,0.24,0.24,0.24,0.24,0.24,0.24,0.24,0.00
Bell,Megan,mb10306@example.com,Finished,"4 April 2022  8:05 AM","4 April 2022  8:37 AM","31 mins 33 secs",10.00,0.24,0.24,0.24,0.24,0.24,0.24,0.24,0.24,0.24,0.24,0.24,0.24,0.24,0.24,0.24,0.24,0.24,0.24,0.24,0.24,0.24,0.24,0.24,0.24,0.24,0.24,0.24,0.24,0.24,0.24,0.24,0.24,0.24,0.24,0.24,0.24,0.24,0.24,0.24,0.24,0.24,0.24
AlSalman,Salman,sa7792@example.com,Finished,"4 April 2022  8:05 AM","4 April 2022  8:48 AM","42 mins 33 secs",4.76,0.00,0.00,0.00,0.24,0.24,0.00,0.24,0.24,0.24,0.00,0.24,0.24,0.00,0.24,0.24,0.00,0.24,0.00,0.00,0.00,0.00,0.00,0.00,0.24,0.24,0.24,0.24,0.00,0.00,0.24,0.24,0.24,0.00,0.00,0.00,0.24,0.24,0.24,0.00,0.00,0.00,0.00
Pais,Amy,ap12466@example.com,Finished,"4 April 2022  8:05 AM","4 April 2022  8:55 AM","49 mins 59 secs",5.24,-,0.24,0.00,0.24,0.24,0.24,0.24,0.24,0.24,0.00,0.24,0.24,0.24,0.00,0.24,0.00,0.24,0.00,0.00,0.24,0.00,-,0.00,0.24,0.00,0.00,0.24,0.00,0.24,0.00,0.24,0.24,0.00,0.00,-,0.24,0.24,0.24,0.00,0.00,-,0.24
Hatoum,Jad,jh12232@example.com,Finished,"4 April 2022  8:05 AM","4 April 2022  8:34 AM","29 mins 6 secs",8.33,0.24,0.24,0.24,0.00,0.24,0.24,0.24,0.24,0.24,0.24,0.24,0.24,0.24,0.24,0.24,0.24,0.24,0.24,0.24,0.24,0.24,0.24,0.00,0.00,0.00,0.24,0.24,0.00,0.24,0.24,0.24,0.24,0.24,0.24,0.24,0.24,0.24,0.24,0.00,0.00,0.24,0.24
Waters,Soraya,sw10700@example.com,Finished,"4 April 2022  8:05 AM","4 April 2022  8:45 AM","39 mins 52 secs",6.90,0.00,0.24,0.24,0.24,0.24,0.24,0.24,0.24,0.24,0.24,0.24,0.00,0.00,0.24,0.24,0.24,0.24,0.00,0.24,0.24,0.24,0.00,0.24,0.00,0.00,0.00,0.24,0.00,0.24,0.00,0.24,0.24,0.24,0.24,0.24,0.24,0.24,0.24,0.00,0.24,0.00,0.00
Verdeyen,Thea,tv8381@example.com,Finished,"4 April 2022  8:05 AM","4 April 2022  8:44 AM","38 mins 38 secs",8.10,0.24,0.00,0.24,0.00,0.24,0.24,0.24,0.24,0.24,0.24,0.00,0.24,0.24,0.24,0.24,0.00,0.24,0.00,0.24,0.24,0.00,0.00,0.24,0.24,0.24,0.24,0.00,0.24,0.24,0.24,0.24,0.24,0.24,0.24,0.24,0.24,0.24,0.24,0.24,0.24,0.24,0.24
AlZayani,Leen,la8165@example.com,Finished,"4 April 2022  8:05 AM","4 April 2022  8:44 AM","38 mins 48 secs",7.62,0.00,0.24,0.24,0.24,0.24,0.24,0.24,0.24,0.24,0.24,0.24,0.24,0.00,0.24,0.24,0.24,0.24,0.00,0.00,0.24,0.24,0.00,0.24,0.00,0.00,0.00,0.24,0.00,0.24,0.24,0.24,0.24,0.24,0.24,0.24,0.24,0.24,0.24,0.24,0.24,0.24,0.00
Eissa,Ali,ae8143@example.com,Finished,"4 April 2022  8:05 AM","4 April 2022  8:29 AM","23 mins 57 secs",8.33,0.24,0.00,0.24,0.24,0.24,0.24,0.24,0.24,0.24,0.24,0.24,0.24,0.24,0.24,0.24,0.24,0.24,0.00,0.00,0.24,0.00,0.00,0.24,0.24,0.24,0.00,0.24,0.00,0.24,0.24,0.24,0.24,0.24,0.24,0.24,0.24,0.24,0.24,0.24,0.24,0.24,0.24
Cullen,Sophia,sc12132@example.com,Finished,"4 April 2022  8:05 AM","4 April 2022  8:48 AM","43 mins 25 secs",7.14,0.00,0.24,0.24,0.00,0.24,0.24,0.24,0.24,0.24,0.00,0.24,0.24,0.00,0.24,0.24,0.00,0.24,0.24,0.00,0.00,0.24,0.24,0.24,0.00,0.24,0.24,0.24,0.00,0.24,0.00,0.24,0.24,0.24,0.24,0.24,0.00,0.24,0.24,0.00,0.24,0.24,0.24
O'Donnell,Julian,jo7879@example.com,Finished,"4 April 2022  8:05 AM","4 April 2022  8:49 AM","43 mins 52 secs",9.29,0.24,0.24,0.24,0.00,0.24,0.00,0.24,0.24,0.24,0.24,0.24,0.24,0.24,0.24,0.24,0.24,0.24,0.24,0.24,0.24,0.24,0.24,0.00,0.24,0.24,0.24,0.24,0.24,0.24,0.24,0.24,0.24,0.24,0.24,0.24,0.24,0.24,0.24,0.24,0.24,0.24,0.24
Arora,Maya,ma7983@example.com,Finished,"4 April 2022  8:05 AM","4 April 2022  8:46 AM","40 mins 51 secs",5.95,0.00,0.24,0.00,0.24,0.24,0.24,0.24,0.24,0.24,0.00,0.24,0.24,0.24,0.24,0.24,0.24,0.24,0.24,0.00,0.24,0.00,0.00,0.00,0.00,0.00,0.00,0.24,0.00,0.24,0.24,0.24,0.24,0.00,0.24,0.00,0.24,0.24,0.24,0.00,0.00,0.00,0.00
Brønden,Ellen,eb11836@example.com,Finished,"4 April 2022  8:05 AM","4 April 2022  8:45 AM","40 mins 16 secs",6.67,0.00,0.24,0.24,0.24,0.24,0.24,0.24,0.24,0.24,0.00,0.24,0.00,0.24,0.24,0.24,0.24,0.24,0.24,0.00,0.00,0.24,0.00,0.24,0.00,0.00,0.00,0.24,0.00,0.24,0.24,0.24,0.24,0.24,0.24,0.00,0.24,0.24,0.24,0.24,0.00,0.00,0.00
AlZayani,Zain,za12194@example.com,Finished,"4 April 2022  8:11 AM","4 April 2022  9:01 AM","50 mins",8.81,0.24,0.24,0.24,0.24,0.24,0.24,0.24,0.24,0.24,0.24,0.24,0.24,0.24,0.24,0.24,0.24,0.24,0.24,0.24,0.24,0.00,0.00,0.00,0.24,0.24,0.24,0.24,0.24,0.24,0.24,0.24,0.24,0.24,0.24,0.00,0.24,0.24,0.24,0.24,0.24,0.24,0.00
"Al Khalifa",Rashid,ra7797@example.com,Finished,"5 April 2022  6:54 AM","5 April 2022  7:22 AM","28 mins 15 secs",9.52,0.24,0.00,0.24,0.24,0.00,0.24,0.24,0.24,0.24,0.24,0.24,0.24,0.24,0.24,0.24,0.24,0.24,0.24,0.24,0.24,0.24,0.24,0.24,0.24,0.24,0.24,0.24,0.24,0.24,0.24,0.24,0.24,0.24,0.24,0.24,0.24,0.24,0.24,0.24,0.24,0.24,0.24
Kanoo,Mohammed,mk8672@example.com,Finished,"5 April 2022  7:01 AM","5 April 2022  7:32 AM","31 mins 5 secs",8.81,0.24,0.24,0.24,0.24,0.24,0.24,0.24,0.24,0.24,0.24,0.24,0.24,0.24,0.24,0.24,0.24,0.24,0.24,0.24,0.24,0.24,0.24,0.24,0.00,0.00,0.00,0.00,0.00,0.24,0.24,0.24,0.24,0.24,0.24,0.24,0.24,0.24,0.24,0.24,0.24,0.24,0.24
Zhang,Xiyue,xz12498@example.com,Finished,"5 April 2022  7:03 AM","5 April 2022  7:51 AM","48 mins",6.43,0.00,0.24,0.24,0.24,0.00,0.24,0.24,0.24,0.24,0.24,0.24,0.24,0.24,0.24,0.24,0.00,0.24,0.24,0.00,0.24,0.00,0.24,0.24,0.00,0.00,0.00,0.00,0.00,0.24,0.00,0.24,0.24,0.24,0.24,0.24,0.00,0.24,0.24,0.00,0.00,0.00,0.24
Patel,Tessa,tp7908@example.com,Finished,"5 April 2022  7:04 AM","5 April 2022  7:55 AM","50 mins 2 secs",8.81,0.24,0.24,0.00,0.24,0.24,0.24,0.24,0.24,0.24,0.24,0.24,0.00,0.24,0.24,0.24,0.00,0.24,0.24,0.24,0.24,0.24,0.24,0.24,0.24,0.00,0.24,0.24,0.24,0.24,0.00,0.24,0.24,0.24,0.24,0.24,0.24,0.24,0.24,0.24,0.24,0.24,0.24
Shakeel,Inaya,is8538@example.com,Finished,"5 April 2022  7:05 AM","5 April 2022  7:55 AM","50 mins 1 sec",8.57,0.24,0.24,0.00,0.24,0.24,0.24,0.24,0.24,0.24,0.24,0.24,0.00,0.24,0.24,0.24,0.00,0.24,0.24,0.24,0.24,0.24,0.24,0.24,0.24,0.00,0.00,0.24,0.24,0.24,0.00,0.24,0.24,0.24,0.24,0.24,0.24,0.24,0.24,0.24,0.24,0.24,0.24
Hassani,Salman,sh8140@example.com,Finished,"5 April 2022  7:05 AM","5 April 2022  7:50 AM","45 mins 27 secs",8.10,0.24,0.00,0.24,0.24,0.24,0.00,0.24,0.24,0.24,0.24,0.24,0.24,0.24,0.24,0.24,0.24,0.24,0.24,0.24,0.24,0.24,0.24,0.24,0.24,0.00,0.00,0.24,0.00,0.24,0.24,0.24,0.00,0.24,0.24,0.24,0.24,0.24,0.24,0.00,0.24,0.24,0.00
Rodgers,Oliver,or11191@example.com,Finished,"5 April 2022  7:05 AM","5 April 2022  7:35 AM","30 mins 26 secs",9.29,0.24,0.24,0.24,0.24,0.24,0.24,0.24,0.24,0.24,0.24,0.24,0.24,0.24,0.24,0.24,0.24,0.24,0.24,0.24,0.24,0.24,0.24,0.24,0.24,0.00,0.24,0.24,0.00,0.24,0.24,0.24,0.24,0.24,0.24,0.24,0.24,0.24,0.24,0.24,0.24,0.24,0.00
Sahadulla,Azaan,as9657@example.com,Finished,"5 April 2022  7:05 AM","5 April 2022  7:54 AM","49 mins 19 secs",8.10,0.24,0.00,0.00,0.00,0.24,0.24,0.24,0.24,0.24,0.24,0.24,0.24,0.24,0.24,0.24,0.00,0.24,0.24,0.24,0.24,0.24,0.24,0.00,0.24,0.00,0.24,0.24,0.00,0.24,0.00,0.24,0.24,0.24,0.24,0.24,0.24,0.24,0.24,0.24,0.24,0.24,0.24
Lawlor,Aidan,al7759@example.com,Finished,"5 April 2022  7:05 AM","5 April 2022  7:51 AM","45 mins 56 secs",8.10,0.24,0.00,0.24,0.24,0.24,0.00,0.24,0.24,0.24,0.24,0.24,0.24,0.24,0.24,0.24,0.24,0.24,0.24,0.24,0.24,0.24,0.24,0.24,0.24,0.00,0.00,0.24,0.00,0.24,0.24,0.24,0.00,0.24,0.24,0.24,0.24,0.24,0.24,0.00,0.24,0.24,0.00
"Asif Jiffry",Rayyan,ra12362@example.com,Finished,"5 April 2022  7:05 AM","5 April 2022  7:54 AM","49 mins 5 secs",7.86,0.24,0.24,0.24,0.24,0.24,0.24,0.24,0.24,0.24,0.24,0.24,0.24,0.24,0.00,0.24,0.00,0.24,0.24,0.24,0.24,0.24,0.24,0.24,0.24,0.00,0.00,0.00,0.00,0.24,0.00,0.24,0.24,0.24,0.00,0.24,0.24,0.00,0.24,0.24,0.24,0.24,0.24
Ahmed,Yaseen,ya7883@example.com,Finished,"5 April 2022  7:05 AM","5 April 2022  7:55 AM","49 mins 33 secs",8.10,0.24,0.24,0.24,0.24,0.00,0.24,0.00,0.24,0.24,0.24,0.24,0.24,0.24,0.24,0.24,0.00,0.24,0.24,0.24,0.24,0.24,0.24,0.24,0.24,0.00,0.24,0.00,0.00,0.24,0.24,0.24,0.24,0.24,0.00,0.24,0.24,0.24,0.24,0.24,0.00,0.24,0.24
Bokhowa,Adam,ab7766@example.com,Finished,"5 April 2022  7:05 AM","5 April 2022  7:35 AM","29 mins 47 secs",9.29,0.24,0.24,0.24,0.24,0.24,0.24,0.24,0.24,0.24,0.24,0.24,0.24,0.24,0.24,0.24,0.24,0.24,0.24,0.24,0.24,0.24,0.24,0.24,0.24,0.00,0.24,0.24,0.00,0.24,0.24,0.24,0.24,0.24,0.24,0.24,0.24,0.24,0.24,0.24,0.24,0.24,0.00
Whittaker,Ruby,rw9590@example.com,Finished,"5 April 2022  7:06 AM","5 April 2022  7:44 AM","38 mins 35 secs",4.76,0.00,0.24,0.24,0.24,0.24,0.24,0.24,0.24,0.24,0.00,0.24,0.24,0.00,0.00,0.24,0.00,0.24,0.00,0.24,0.00,0.24,0.00,0.24,0.00,0.00,0.00,0.00,0.00,0.00,0.00,0.00,0.00,0.24,0.24,0.00,0.00,0.00,0.00,0.24,0.24,0.00,0.24
Ebrahim,Jenna,je7816@example.com,Finished,"5 April 2022  7:06 AM","5 April 2022  7:55 AM","48 mins 42 secs",7.86,0.24,0.00,0.00,0.24,0.24,0.24,0.24,0.24,0.24,0.24,0.24,0.24,0.24,0.24,0.24,0.00,0.24,0.24,0.24,0.24,0.24,0.24,0.24,0.24,0.00,0.24,0.24,0.00,0.00,0.00,0.24,0.24,0.24,0.00,0.24,0.24,0.24,0.24,0.24,0.00,0.24,0.24
Dumanska,Noemi,nd12442@example.com,Finished,"5 April 2022  7:06 AM","5 April 2022  7:56 AM","49 mins 20 secs",8.10,0.00,0.00,0.24,0.24,0.24,0.24,0.24,0.24,0.24,0.24,0.24,0.00,0.24,0.24,0.24,0.24,0.24,0.24,0.24,0.24,0.24,0.00,0.24,0.24,0.24,0.00,0.24,0.00,0.24,0.24,0.00,0.24,0.24,0.24,0.24,0.24,0.24,0.24,0.24,0.24,0.00,0.24
Abid,Zara,za7760@example.com,Finished,"5 April 2022  7:06 AM","5 April 2022  7:55 AM","48 mins 39 secs",6.43,0.24,0.00,0.00,0.24,0.24,0.24,0.24,0.24,0.24,0.24,0.24,0.00,0.00,0.24,0.00,0.00,0.24,0.00,0.24,0.24,0.24,0.00,0.00,0.24,0.00,0.24,0.24,0.00,0.00,0.00,0.24,0.24,0.24,0.00,0.24,0.24,0.24,0.24,0.24,0.00,0.24,0.24
Ali,Faisal,fa11864@example.com,Finished,"5 April 2022  7:06 AM","5 April 2022  7:38 AM","32 mins 8 secs",7.14,0.24,0.00,0.00,0.00,0.24,0.24,0.24,0.24,0.24,0.24,0.24,0.24,0.24,0.24,0.24,0.24,0.24,0.24,0.00,0.24,0.00,0.00,0.24,0.24,0.00,0.00,0.24,0.00,0.24,0.24,0.24,0.24,0.24,0.24,0.24,0.24,0.24,0.24,0.00,0.00,0.00,0.24
O'Shea,Jack,jo9131@example.com,Finished,"5 April 2022  7:09 AM","5 April 2022  7:32 AM","22 mins 28 secs",4.52,0.00,0.24,0.00,0.24,0.24,0.24,0.24,0.24,0.24,0.00,0.24,0.00,0.00,0.24,0.24,0.24,0.24,0.24,0.00,0.24,0.00,0.24,0.24,0.24,0.00,0.00,0.00,0.00,0.00,0.00,0.00,0.00,0.00,0.24,0.00,0.00,0.00,0.24,0.00,0.00,0.00,0.00
Boyce,Lewis,lb8008@example.com,Finished,"5 April 2022  7:09 AM","5 April 2022  7:44 AM","34 mins 58 secs",4.76,0.24,0.00,0.00,0.00,0.24,0.24,0.24,0.24,0.24,0.24,0.24,0.00,0.00,0.24,0.24,0.24,0.00,0.24,0.00,0.24,0.00,0.00,0.00,0.24,0.00,0.00,0.00,0.00,0.24,0.00,0.00,0.24,0.24,0.00,0.00,0.24,0.00,0.24,0.00,0.00,0.00,0.24
Mercer,Yousuf,ym7805@example.com,Finished,"5 April 2022  11:40 AM","5 April 2022  12:27 PM","47 mins 15 secs",7.62,0.24,0.24,0.24,0.00,0.24,0.24,0.24,0.24,0.24,0.24,0.24,0.24,0.24,0.24,0.24,0.24,0.24,0.24,0.24,0.24,0.24,0.24,0.24,0.00,0.24,0.24,0.00,0.00,0.24,0.24,0.24,0.24,0.00,0.00,0.24,0.24,0.00,0.24,0.00,0.00,0.00,0.24
Fares,Theo,tf7729@example.com,Finished,"5 April 2022  11:40 AM","5 April 2022  12:00 PM","19 mins 22 secs",9.52,0.24,0.24,0.24,0.24,0.24,0.24,0.24,0.24,0.24,0.24,0.24,0.24,0.24,0.24,0.24,0.24,0.24,0.24,0.24,0.24,0.24,0.24,0.24,0.24,0.24,0.00,0.24,0.24,0.24,0.24,0.24,0.24,0.24,0.24,0.24,0.24,0.24,0.24,0.24,0.00,0.24,0.24
"Al Sayed",Abdulrahman,aa7992@example.com,Finished,"5 April 2022  11:40 AM","5 April 2022  12:13 PM","32 mins 26 secs",8.81,0.24,0.00,0.24,0.00,0.24,0.24,0.24,0.24,0.24,0.24,0.24,0.24,0.24,0.24,0.24,0.24,0.24,0.24,0.24,0.24,0.24,0.24,0.24,0.24,0.24,0.00,0.24,0.24,0.24,0.24,0.24,0.24,0.24,0.24,0.24,0.24,0.24,0.24,0.00,0.00,0.24,0.24
AlSalem,Ahmad,aa8787@example.com,Finished,"5 April 2022  11:40 AM","5 April 2022  12:18 PM","37 mins 52 secs",9.52,0.24,0.24,0.24,0.24,0.24,0.24,0.24,0.24,0.24,0.24,0.24,0.24,0.24,0.24,0.24,0.00,0.24,0.24,0.24,0.24,0.24,0.24,0.24,0.24,0.24,0.24,0.00,0.24,0.24,0.24,0.24,0.24,0.24,0.24,0.24,0.24,0.24,0.24,0.24,0.24,0.24,0.24
Jones,Alexander,aj11163@example.com,Finished,"5 April 2022  11:40 AM","5 April 2022  11:53 AM","12 mins 35 secs",9.05,0.24,0.24,0.00,0.00,0.24,0.24,0.24,0.24,0.24,0.24,0.24,0.24,0.24,0.24,0.24,0.24,0.24,0.24,0.24,0.24,0.24,0.24,0.00,0.24,0.24,0.24,0.24,0.00,0.24,0.24,0.24,0.24,0.24,0.24,0.24,0.24,0.24,0.24,0.24,0.24,0.24,0.24
Cocker,Matilda,mc10707@example.com,Finished,"5 April 2022  11:40 AM","5 April 2022  12:21 PM","40 mins 46 secs",7.14,0.00,0.00,0.00,0.24,0.24,0.00,0.24,0.24,0.24,0.24,0.24,0.24,0.24,0.24,0.24,0.24,0.24,0.00,0.24,0.24,0.24,0.24,0.00,0.24,0.24,0.24,0.00,0.00,0.00,0.24,0.24,0.24,0.24,0.00,0.24,0.24,0.24,0.00,0.00,0.24,0.24,0.24
Halawani,Rakan,rh7691@example.com,Finished,"5 April 2022  11:40 AM","5 April 2022  12:24 PM","43 mins 19 secs",7.38,0.00,0.00,0.00,0.00,0.24,0.24,0.24,0.24,0.24,0.00,0.24,0.24,0.24,0.00,0.24,0.00,0.24,0.00,0.24,0.24,0.24,0.24,0.24,0.00,0.24,0.24,0.24,0.00,0.24,0.24,0.24,0.24,0.24,0.24,0.00,0.24,0.24,0.24,0.24,0.24,0.24,0.24
"Al Harthy",Amber,aa8647@example.com,Finished,"5 April 2022  11:40 AM","5 April 2022  12:17 PM","36 mins 43 secs",8.81,0.00,0.24,0.24,0.24,0.24,0.24,0.24,0.24,0.24,0.24,0.24,0.24,0.24,0.24,0.24,0.24,0.24,0.24,0.00,0.24,0.24,0.24,0.24,0.00,0.00,0.24,0.24,0.24,0.24,0.24,0.24,0.24,0.24,0.24,0.24,0.24,0.24,0.24,0.00,0.24,0.24,0.24
Matta,Tia,tm12505@example.com,Finished,"5 April 2022  11:40 AM","5 April 2022  12:29 PM","48 mins 37 secs",6.19,0.24,0.00,0.00,0.00,0.24,0.24,0.24,0.24,0.24,0.24,0.24,0.24,0.24,0.00,0.24,0.24,0.24,0.24,0.00,0.24,0.00,0.24,0.24,0.00,0.24,0.00,0.00,0.24,0.24,0.00,0.24,0.24,0.24,0.00,0.24,0.00,0.00,0.24,0.00,0.24,0.00,0.00
AlZamil,Latifa,la10478@example.com,Finished,"5 April 2022  11:40 AM","5 April 2022  12:20 PM","39 mins 17 secs",7.14,0.00,0.00,0.00,0.00,0.00,0.24,0.24,0.24,0.24,0.24,0.24,0.24,0.24,0.24,0.24,0.00,0.24,0.24,0.24,0.24,0.24,0.24,0.24,0.24,0.24,0.24,0.24,0.00,0.24,0.00,0.24,0.24,0.00,0.00,0.24,0.24,0.24,0.00,0.24,0.24,0.24,0.00
Karaan,Aiden,ak7938@example.com,Finished,"5 April 2022  11:40 AM","5 April 2022  12:16 PM","35 mins 24 secs",8.81,0.24,0.24,0.24,0.00,0.24,0.24,0.24,0.24,0.24,0.24,0.24,0.24,0.24,0.24,0.24,0.24,0.24,0.24,0.24,0.00,0.24,0.24,0.24,0.24,0.24,0.24,0.00,0.24,0.00,0.00,0.24,0.24,0.24,0.24,0.24,0.24,0.24,0.24,0.24,0.24,0.24,0.24
Sater,Saud,ss8597@example.com,Finished,"5 April 2022  11:40 AM","5 April 2022  12:18 PM","37 mins 35 secs",9.05,0.24,0.24,0.24,0.00,0.24,0.24,0.24,0.24,0.24,0.24,0.24,0.24,0.24,0.24,0.24,0.24,0.24,0.24,0.24,0.24,0.24,0.24,0.24,0.24,0.24,0.24,0.24,0.24,0.24,0.24,0.24,0.00,0.24,0.24,0.24,0.24,0.24,0.24,0.00,0.00,0.24,0.24
Kent,Oliver,ok11087@example.com,Finished,"5 April 2022  11:40 AM","5 April 2022  12:12 PM","31 mins 33 secs",7.14,0.24,0.24,0.00,0.24,0.24,0.24,0.24,0.24,0.24,0.24,0.24,0.24,0.24,0.24,0.24,0.00,0.24,0.00,0.24,0.24,0.24,0.24,0.00,0.24,0.24,0.00,0.24,0.24,0.24,0.00,0.24,0.00,0.24,0.00,0.00,0.24,0.00,0.24,0.24,0.24,0.00,0.00
Codd,Amelia,ac8416@example.com,Finished,"5 April 2022  11:40 AM","5 April 2022  12:25 PM","44 mins 53 secs",6.90,0.00,0.24,0.00,0.00,0.24,0.24,0.24,0.24,0.24,0.24,0.24,0.00,0.24,0.24,0.24,0.00,0.24,0.24,0.24,0.24,0.00,0.24,0.24,0.24,0.00,0.00,0.00,0.24,0.24,0.00,0.24,0.24,0.24,0.24,0.00,0.24,0.24,0.24,0.00,0.00,0.24,0.24
Agha,Lara,la8486@example.com,Finished,"5 April 2022  11:40 AM","5 April 2022  12:11 PM","30 mins 50 secs",7.62,0.24,0.24,0.00,0.24,0.24,0.24,0.24,0.24,0.24,0.00,0.24,0.24,0.24,0.24,0.24,0.24,0.24,0.24,0.00,0.24,0.00,0.00,0.24,0.24,0.24,0.24,0.24,0.00,0.24,0.24,0.00,0.00,0.24,0.24,0.00,0.24,0.24,0.24,0.00,0.24,0.24,0.24
Iyer,Maryam,mi11680@example.com,Finished,"5 April 2022  11:40 AM","5 April 2022  12:10 PM","29 mins 49 secs",8.57,0.24,0.24,0.24,0.00,0.24,0.24,0.24,0.24,0.24,0.24,0.24,0.00,0.24,0.24,0.24,0.24,0.24,0.24,0.24,0.24,0.24,0.00,0.24,0.24,0.24,0.24,0.24,0.00,0.24,0.24,0.00,0.24,0.24,0.24,0.24,0.24,0.24,0.24,0.00,0.24,0.24,0.24
Kanoo,Sarah,sk7733@example.com,Finished,"5 April 2022  11:40 AM","5 April 2022  12:13 PM","32 mins 12 secs",7.14,0.24,0.24,0.00,0.00,0.24,0.24,0.24,0.24,0.24,0.00,0.24,0.24,0.24,0.24,0.24,0.24,0.00,0.24,0.24,0.00,0.24,0.00,0.00,0.24,0.24,0.00,0.24,0.00,0.24,0.24,0.24,0.24,0.00,0.24,0.00,0.24,0.24,0.24,0.00,0.24,0.24,0.24
"Abi Ramia",Nadim,na7750@example.com,Finished,"5 April 2022  11:41 AM","5 April 2022  12:26 PM","45 mins 48 secs",9.76,0.24,0.24,0.24,0.24,0.24,0.24,0.24,0.24,0.24,0.24,0.24,0.24,0.24,0.24,0.24,0.24,0.24,0.24,0.24,0.24,0.24,0.24,0.24,0.24,0.24,0.24,0.24,0.24,0.24,0.24,0.00,0.24,0.24,0.24,0.24,0.24,0.24,0.24,0.24,0.24,0.24,0.24
Dashti,Hela,hd7785@example.com,Finished,"5 April 2022  11:41 AM","5 April 2022  12:14 PM","33 mins 44 secs",8.57,0.24,0.24,0.00,0.24,0.24,0.24,0.24,0.24,0.24,0.24,0.24,0.24,0.24,0.24,0.24,0.00,0.24,0.24,0.24,0.24,0.24,0.24,0.24,0.24,0.24,0.24,0.00,0.24,0.24,0.00,0.24,0.00,0.24,0.24,0.24,0.24,0.24,0.24,0.24,0.00,0.24,0.24
Alarayedh,Yusuf,ya7739@example.com,Finished,"5 April 2022  11:41 AM","5 April 2022  12:24 PM","43 mins 20 secs",9.29,0.24,0.24,0.24,0.00,0.24,0.24,0.24,0.24,0.24,0.24,0.24,0.24,0.24,0.24,0.24,0.24,0.24,0.24,0.24,0.24,0.24,0.24,0.24,0.00,0.24,0.24,0.00,0.24,0.24,0.24,0.24,0.24,0.24,0.24,0.24,0.24,0.24,0.24,0.24,0.24,0.24,0.24
Sizeland,Frederick,fs11248@example.com,Finished,"5 April 2022  11:41 AM","5 April 2022  12:11 PM","29 mins 28 secs",9.52,0.24,0.24,0.24,0.24,0.24,0.00,0.24,0.24,0.24,0.24,0.24,0.24,0.24,0.24,0.24,0.24,0.24,0.24,0.24,0.24,0.24,0.24,0.24,0.24,0.24,0.24,0.00,0.24,0.24,0.24,0.24,0.24,0.24,0.24,0.24,0.24,0.24,0.24,0.24,0.24,0.24,0.24
Ombler,Dylan,do10483@example.com,Finished,"5 April 2022  11:41 AM","5 April 2022  12:03 PM","21 mins 26 secs",7.38,0.24,0.00,0.24,0.00,0.24,0.24,0.24,0.24,0.24,0.24,0.24,0.24,0.00,0.24,0.24,0.00,0.24,0.00,0.00,0.24,0.24,0.24,0.24,0.00,0.00,0.24,0.24,0.00,0.24,0.24,0.24,0.24,0.24,0.00,0.24,0.24,0.24,0.24,0.24,0.00,0.24,0.24
Hofman,Reuben,rh8375@example.com,Finished,"6 April 2022  11:37 AM","6 April 2022  12:06 PM","28 mins 49 secs",6.67,0.00,0.00,0.00,0.24,0.24,0.24,0.24,0.24,0.24,0.24,0.00,0.24,0.00,0.24,0.24,0.24,0.24,0.24,0.00,0.24,0.24,0.00,0.00,0.00,0.00,0.24,0.00,0.24,0.24,0.00,0.24,0.24,0.24,0.24,0.24,0.24,0.24,0.24,0.00,0.00,0.24,0.24
Mews,Alessandro,am9274@example.com,Finished,"6 April 2022  11:37 AM","6 April 2022  12:23 PM","45 mins 59 secs",7.38,0.24,0.24,0.24,0.00,0.24,0.24,0.24,0.24,0.24,0.24,0.24,0.24,0.24,0.00,0.24,0.00,0.24,0.24,0.00,0.00,0.00,0.24,0.00,0.24,0.24,0.00,0.24,0.00,0.24,0.24,0.24,0.24,0.00,0.00,0.24,0.24,0.24,0.24,0.24,0.24,0.24,0.24
Agarwal,Alaina,aa11663@example.com,Finished,"6 April 2022  11:37 AM","6 April 2022  12:06 PM","28 mins 36 secs",10.00,0.24,0.24,0.24,0.24,0.24,0.24,0.24,0.24,0.24,0.24,0.24,0.24,0.24,0.24,0.24,0.24,0.24,0.24,0.24,0.24,0.24,0.24,0.24,0.24,0.24,0.24,0.24,0.24,0.24,0.24,0.24,0.24,0.24,0.24,0.24,0.24,0.24,0.24,0.24,0.24,0.24,0.24
Bindal,Pratyush,pb8127@example.com,Finished,"6 April 2022  11:37 AM","6 April 2022  12:00 PM","22 mins 33 secs",10.00,0.24,0.24,0.24,0.24,0.24,0.24,0.24,0.24,0.24,0.24,0.24,0.24,0.24,0.24,0.24,0.24,0.24,0.24,0.24,0.24,0.24,0.24,0.24,0.24,0.24,0.24,0.24,0.24,0.24,0.24,0.24,0.24,0.24,0.24,0.24,0.24,0.24,0.24,0.24,0.24,0.24,0.24
Texmo,Isak,it12469@example.com,Finished,"6 April 2022  11:37 AM","6 April 2022  12:06 PM","28 mins 43 secs",9.05,0.24,0.24,0.24,0.24,0.24,0.24,0.24,0.24,0.24,0.24,0.24,0.24,0.24,0.24,0.24,0.24,0.24,0.24,0.24,0.24,0.24,0.24,0.24,0.00,0.00,0.24,0.00,0.24,0.24,0.00,0.24,0.24,0.24,0.24,0.24,0.24,0.24,0.24,0.24,0.24,0.24,0.24
Theron,Ruhan,rt11182@example.com,Finished,"6 April 2022  11:37 AM","6 April 2022  12:21 PM","44 mins 2 secs",9.76,0.24,0.24,0.24,0.24,0.24,0.24,0.24,0.24,0.24,0.24,0.24,0.24,0.24,0.24,0.24,0.24,0.24,0.24,0.24,0.24,0.24,0.24,0.24,0.24,0.24,0.24,0.24,0.00,0.24,0.24,0.24,0.24,0.24,0.24,0.24,0.24,0.24,0.24,0.24,0.24,0.24,0.24
AlSekri,Mariam,ma8777@example.com,Finished,"6 April 2022  11:37 AM","6 April 2022  12:13 PM","35 mins 22 secs",5.95,0.00,0.00,0.00,0.24,0.24,0.24,0.24,0.24,0.24,0.24,0.24,0.24,0.24,0.24,0.24,0.00,0.24,0.00,0.00,0.00,0.00,0.00,0.00,0.00,0.00,0.00,0.24,0.00,0.24,0.00,0.24,0.24,0.24,0.00,0.24,0.24,0.24,0.24,0.24,0.00,0.24,0.24
Farooqi,Eshal,ef7723@example.com,"In progress","6 April 2022  11:37 AM",-,-,-,-,-,-,-,-,-,-,-,-,-,-,-,-,-,-,-,-,-,-,-,-,-,-,-,-,-,-,-,-,-,-,-,-,-,-,-,-,-,-,-,-,-
Wagstaff,Ryan,rw7751@example.com,Finished,"6 April 2022  11:37 AM","6 April 2022  12:04 PM","27 mins 7 secs",9.29,0.24,0.24,0.24,0.24,0.24,0.24,0.24,0.24,0.24,0.24,0.24,0.24,0.24,0.24,0.24,0.00,0.24,0.24,0.00,0.24,0.24,0.24,0.24,0.24,0.24,0.24,0.24,0.00,0.24,0.24,0.24,0.24,0.24,0.24,0.24,0.24,0.24,0.24,0.24,0.24,0.24,0.24
Khalaifat,Ali,ak7867@example.com,Finished,"6 April 2022  11:37 AM","6 April 2022  12:10 PM","32 mins 49 secs",2.86,0.00,0.00,0.00,0.00,0.24,0.00,0.00,0.24,0.00,0.00,0.24,0.00,0.24,0.00,0.00,0.00,0.00,0.00,0.24,0.00,0.00,0.24,0.00,0.24,0.00,0.00,0.00,0.00,0.00,0.00,0.24,0.24,0.00,0.24,0.24,0.24,0.00,0.00,0.00,0.00,0.00,0.00
Alslaise,Hia,ha7769@example.com,Finished,"6 April 2022  11:37 AM","6 April 2022  11:57 AM","20 mins 3 secs",7.14,0.00,0.00,0.00,0.00,0.24,0.24,0.24,0.24,0.24,0.24,0.24,0.24,0.24,0.24,0.24,0.24,0.24,0.00,0.24,0.24,0.00,0.00,0.24,0.24,0.00,0.24,0.24,0.00,0.00,0.24,0.24,0.24,0.24,0.24,0.24,0.24,0.24,0.24,0.00,0.24,0.00,0.24
Lee,Sonya,sl7868@example.com,Finished,"6 April 2022  11:37 AM","6 April 2022  11:57 AM","19 mins 21 secs",9.76,0.24,0.24,0.24,0.24,0.24,0.24,0.24,0.24,0.24,0.24,0.24,0.24,0.24,0.24,0.24,0.24,0.24,0.24,0.24,0.24,0.24,0.24,0.24,0.24,0.24,0.24,0.24,0.00,0.24,0.24,0.24,0.24,0.24,0.24,0.24,0.24,0.24,0.24,0.24,0.24,0.24,0.24
Buklu,Dora,db7770@example.com,Finished,"6 April 2022  11:37 AM","6 April 2022  12:27 PM","50 mins",8.33,0.24,0.00,0.24,0.24,0.24,0.24,0.24,0.24,0.24,0.24,0.24,0.24,0.00,0.24,0.24,0.24,0.24,0.24,0.00,0.24,0.24,0.00,0.24,0.24,0.24,0.24,0.24,0.24,0.24,0.00,0.24,0.24,0.24,0.00,0.24,0.24,0.24,0.24,0.24,0.24,0.00,0.24
"Murillo Lazzari",Alexandra,am12494@example.com,Finished,"6 April 2022  11:37 AM","6 April 2022  12:26 PM","48 mins 26 secs",6.19,0.00,0.00,0.00,0.24,0.24,0.00,0.24,0.24,0.00,0.24,0.24,0.00,0.24,0.24,0.24,0.00,0.24,0.00,0.00,0.24,0.24,0.00,0.24,0.00,0.24,0.24,0.24,0.24,0.24,0.00,0.24,0.24,0.24,0.00,0.24,0.00,0.00,0.24,0.24,0.24,0.00,0.24
Chkhounti,Kais,kc11747@example.com,Finished,"6 April 2022  11:37 AM","6 April 2022  12:12 PM","34 mins 59 secs",6.19,0.00,0.24,0.24,0.24,0.24,0.24,0.24,0.24,0.24,0.24,0.24,0.24,0.00,0.00,0.00,0.24,0.24,0.24,0.24,0.00,0.00,0.00,0.24,0.24,0.00,0.00,0.24,0.00,0.24,0.00,0.24,0.24,0.24,0.24,0.00,0.24,0.24,0.24,0.00,0.00,0.00,0.00
Nielsen,Sebastian,sn7851@example.com,Finished,"6 April 2022  11:37 AM","6 April 2022  12:05 PM","27 mins 33 secs",6.90,0.00,0.24,0.00,0.00,0.24,0.24,0.24,0.24,0.24,0.24,0.24,0.00,0.24,0.24,0.24,0.24,0.24,0.24,0.24,0.24,0.24,0.00,0.00,0.24,0.24,0.24,0.24,0.00,0.00,0.24,0.24,0.24,0.24,0.24,0.00,0.24,0.24,0.24,0.00,0.00,0.00,0.00
Baker,Phoebe,pb9577@example.com,Finished,"6 April 2022  11:37 AM","6 April 2022  12:04 PM","26 mins 33 secs",7.86,0.24,0.00,0.00,0.24,0.24,0.24,0.24,0.24,0.24,0.24,0.24,0.24,0.24,0.24,0.24,0.24,0.24,0.00,0.24,0.24,0.24,0.24,0.00,0.24,0.24,0.00,0.00,0.00,0.00,0.24,0.24,0.24,0.24,0.24,0.24,0.24,0.24,0.24,0.24,0.24,0.00,0.24
Hempel,Natasha,nh7914@example.com,Finished,"6 April 2022  11:37 AM","6 April 2022  12:10 PM","32 mins 48 secs",7.62,0.24,0.00,0.24,0.00,0.24,0.24,0.24,0.24,0.24,0.00,0.24,0.24,0.24,0.24,0.24,0.00,0.24,0.24,0.24,0.24,0.24,0.24,0.24,0.24,0.24,0.24,0.24,0.00,0.24,0.00,0.24,0.00,0.24,0.00,0.24,0.24,0.24,0.24,0.24,0.00,0.24,0.00
Naser,Mohammed,mn12471@example.com,Finished,"6 April 2022  11:38 AM","6 April 2022  12:05 PM","27 mins 13 secs",10.00,0.24,0.24,0.24,0.24,0.24,0.24,0.24,0.24,0.24,0.24,0.24,0.24,0.24,0.24,0.24,0.24,0.24,0.24,0.24,0.24,0.24,0.24,0.24,0.24,0.24,0.24,0.24,0.24,0.24,0.24,0.24,0.24,0.24,0.24,0.24,0.24,0.24,0.24,0.24,0.24,0.24,0.24
Kafala,Najwa,nk100053@example.com,Finished,"6 April 2022  11:41 AM","6 April 2022  12:03 PM","22 mins",5.00,0.24,0.00,0.24,0.24,0.24,0.00,0.24,0.24,0.00,0.24,0.24,0.24,0.00,0.00,0.24,0.00,0.00,0.00,0.00,0.24,0.00,0.00,0.00,0.00,0.00,0.24,0.24,0.00,0.24,0.00,0.24,0.24,0.24,0.00,0.24,0.24,0.24,0.24,0.00,0.00,0.00,0.00
Petrilli,pauline,pp12499@example.com,Finished,"6 April 2022  11:41 AM","6 April 2022  12:09 PM","27 mins 47 secs",4.76,0.00,0.24,0.00,0.00,0.24,0.24,0.24,0.24,0.24,0.00,0.24,0.24,0.00,0.00,0.24,0.00,0.24,0.24,0.24,0.24,0.00,0.00,0.24,0.00,0.24,0.24,0.00,0.00,0.24,0.00,0.00,0.00,0.00,0.00,0.00,0.00,0.00,0.24,0.24,0.00,0.00,0.24
Pye,Charlie,cp12513@example.com,Finished,"6 April 2022  11:41 AM","6 April 2022  12:04 PM","23 mins 25 secs",8.81,0.24,0.24,0.24,0.00,0.24,0.24,0.24,0.24,0.24,0.24,0.24,0.24,0.24,0.24,0.24,0.24,0.24,0.24,0.24,0.24,0.24,0.24,0.24,0.24,0.24,0.24,0.00,0.00,0.24,0.24,0.24,0.24,0.24,0.24,0.24,0.24,0.24,0.24,0.24,0.00,0.00,0.24
Pankhurst,Chloe,cp10654@example.com,Finished,"6 April 2022  11:41 AM","6 April 2022  12:10 PM","29 mins 6 secs",6.67,0.24,0.00,0.24,0.24,0.24,0.24,0.24,0.24,0.24,0.00,0.24,0.24,0.24,0.24,0.24,0.24,0.24,0.24,0.24,0.24,0.24,0.00,0.24,0.00,0.00,0.00,0.24,0.00,0.24,0.00,0.00,0.00,0.24,0.00,0.24,0.24,0.24,0.24,0.00,0.24,0.00,0.00
Froutan,Jafar,jf8476@example.com,Finished,"6 April 2022  11:41 AM","6 April 2022  12:23 PM","41 mins 27 secs",8.10,0.00,0.24,0.24,0.24,0.24,0.24,0.24,0.24,0.24,0.24,0.24,0.24,0.24,0.24,0.24,0.24,0.24,0.00,0.24,0.24,0.00,0.24,0.00,0.00,0.00,0.24,0.24,0.00,0.24,0.24,0.24,0.24,0.24,0.24,0.24,0.24,0.24,0.24,0.00,0.24,0.24,0.24
AlNoaimi,Ahmed,aa7693@example.com,Finished,"6 April 2022  11:41 AM","6 April 2022  11:57 AM","16 mins 24 secs",5.00,0.00,0.24,0.00,0.00,0.24,0.24,0.24,0.24,0.24,0.00,0.24,0.24,0.00,0.24,0.24,0.00,0.24,0.00,0.00,0.24,0.24,0.24,0.00,0.00,0.00,0.00,0.00,0.00,0.24,0.24,0.00,0.00,0.24,0.00,0.00,0.24,0.24,0.24,0.00,0.00,0.24,0.00
Rapanaki,Nefeli,nr12512@example.com,Finished,"6 April 2022  11:41 AM","6 April 2022  12:19 PM","37 mins 27 secs",7.38,0.00,0.24,0.24,0.24,0.24,0.24,0.24,0.24,0.24,0.24,0.24,0.24,0.24,0.24,0.24,0.00,0.24,0.24,0.24,0.24,0.24,0.24,0.24,0.24,0.24,0.00,0.24,0.00,0.00,0.24,0.00,0.00,0.24,0.24,0.24,0.24,0.00,0.24,0.00,0.00,0.00,0.24
Janjua,Owais,oj100020@example.com,Finished,"6 April 2022  11:41 AM","6 April 2022  12:21 PM","40 mins 1 sec",9.05,0.24,0.24,0.24,0.24,0.24,0.24,0.24,0.24,0.24,0.24,0.24,0.24,0.24,0.24,0.24,0.24,0.00,0.24,0.24,0.24,0.24,0.00,0.24,0.24,0.24,0.24,0.24,0.00,0.24,0.24,0.24,0.24,0.24,0.24,0.24,0.24,0.00,0.24,0.24,0.24,0.24,0.24
Abraham,Rehanna,ra12484@example.com,Finished,"6 April 2022  11:41 AM","6 April 2022  12:04 PM","22 mins 32 secs",6.90,0.00,0.24,0.24,0.00,0.24,0.24,0.24,0.24,0.24,0.24,0.24,0.00,0.00,0.00,0.24,0.24,0.24,0.00,0.00,0.24,0.24,0.24,0.24,0.00,0.00,0.24,0.24,0.00,0.24,0.24,0.00,0.24,0.24,0.00,0.24,0.24,0.24,0.24,0.24,0.24,0.00,0.24
Squire,Sophia,ss8882@example.com,Finished,"6 April 2022  11:41 AM","6 April 2022  12:22 PM","40 mins 29 secs",7.62,0.24,0.24,0.24,0.00,0.24,0.24,0.24,0.24,0.24,0.24,0.24,0.24,0.00,0.24,0.24,0.00,0.24,0.24,0.24,0.24,0.24,0.00,0.24,0.24,0.00,0.24,0.00,0.00,0.24,0.24,0.24,0.24,0.24,0.00,0.24,0.24,0.24,0.24,0.24,-,0.24,0.00
AlKareh,Marc,ma7748@example.com,Finished,"6 April 2022  11:41 AM","6 April 2022  12:13 PM","31 mins 42 secs",9.76,0.24,0.24,0.24,0.24,0.24,0.24,0.24,0.24,0.24,0.24,0.24,0.24,0.24,0.24,0.24,0.24,0.24,0.24,0.24,0.24,0.24,0.24,0.24,0.24,0.24,0.24,0.00,0.24,0.24,0.24,0.24,0.24,0.24,0.24,0.24,0.24,0.24,0.24,0.24,0.24,0.24,0.24
Suryanarayanan,Shri,ss12508@example.com,Finished,"6 April 2022  11:41 AM","6 April 2022  12:07 PM","25 mins 31 secs",8.33,0.24,0.24,0.00,0.00,0.24,0.24,0.24,0.24,0.24,0.24,0.24,0.24,0.24,0.00,0.00,0.24,0.24,0.00,0.24,0.24,0.24,0.24,0.24,0.24,0.24,0.24,0.24,0.00,0.24,0.00,0.24,0.24,0.24,0.24,0.24,0.24,0.24,0.24,0.24,0.24,0.24,0.24
Blumentritt,Amy,ab12279@example.com,Finished,"6 April 2022  11:41 AM","6 April 2022  12:07 PM","26 mins 13 secs",5.95,0.00,0.24,0.24,0.00,0.24,0.24,0.24,0.24,0.24,0.00,0.24,0.00,0.00,0.00,0.24,0.24,0.24,0.24,0.24,0.24,0.24,0.24,0.24,0.00,0.00,0.00,0.00,0.00,0.24,0.00,0.00,0.24,0.00,0.00,0.24,0.24,0.24,0.24,0.24,0.00,0.00,0.24
Burt,Nico,nb7790@example.com,Finished,"6 April 2022  11:41 AM","6 April 2022  12:09 PM","27 mins 45 secs",3.57,0.00,0.24,0.00,0.24,0.24,0.24,0.24,0.24,0.24,0.24,0.24,0.00,0.00,0.00,0.24,0.00,0.24,0.24,0.24,0.00,0.24,0.00,0.00,0.00,0.00,0.00,0.00,0.00,0.00,0.00,0.00,0.00,0.00,0.00,0.00,0.00,0.00,0.00,0.00,0.00,0.24,0.00
"Al Harthy",Aya,aa8648@example.com,Finished,"6 April 2022  11:41 AM","6 April 2022  12:10 PM","29 mins 4 secs",8.33,0.24,0.24,0.00,0.24,0.24,0.24,0.24,0.24,0.24,0.24,0.24,0.24,0.00,0.24,0.24,0.00,0.24,0.24,0.24,0.24,0.24,0.24,0.00,0.24,0.00,0.00,0.24,0.24,0.24,0.24,0.24,0.24,0.24,0.24,0.24,0.24,0.24,0.24,0.24,0.00,0.24,0.24
"Al Aali",Ebrahim,ea7745@example.com,Finished,"6 April 2022  11:41 AM","6 April 2022  12:08 PM","26 mins 53 secs",4.29,0.24,0.00,0.00,0.00,0.24,0.24,0.24,0.24,0.00,0.24,0.24,0.24,0.24,0.24,0.24,0.00,0.24,0.24,0.00,0.00,0.24,0.00,0.00,0.00,0.00,0.00,0.00,0.00,0.00,0.00,0.24,0.24,0.00,0.00,-,0.00,0.00,0.24,0.00,-,-,0.24
Barbir,Bashir,bb8686@example.com,Finished,"6 April 2022  11:41 AM","6 April 2022  12:24 PM","42 mins 51 secs",8.33,0.24,0.00,0.24,0.24,0.00,0.24,0.24,0.24,0.24,0.24,0.24,0.24,0.24,0.24,0.24,0.00,0.24,0.24,0.24,0.24,0.24,0.00,0.24,0.24,0.24,0.24,0.24,0.00,0.24,0.24,0.24,0.24,0.24,0.24,0.24,0.24,0.24,0.24,0.00,0.24,0.00,0.24
Zelaikh,Ahmed,az7768@example.com,Finished,"6 April 2022  11:41 AM","6 April 2022  11:56 AM","14 mins 13 secs",2.14,0.24,0.00,0.00,0.00,0.00,0.00,0.00,0.00,0.00,0.00,0.24,0.00,0.24,0.00,0.24,0.00,0.24,0.24,0.00,0.00,0.00,0.00,0.00,0.00,0.00,0.00,0.00,0.00,0.00,0.00,0.00,0.00,0.00,0.00,0.00,0.24,0.24,0.00,0.24,0.00,0.00,-
"Peters van der Heijden",Sacha,sp8568@example.com,Finished,"6 April 2022  11:41 AM","6 April 2022  12:06 PM","24 mins 30 secs",9.05,0.24,0.00,0.24,0.00,0.00,0.24,0.24,0.24,0.24,0.24,0.24,0.24,0.24,0.24,0.24,0.24,0.24,0.24,0.24,0.24,0.24,0.24,0.24,0.24,0.24,0.24,0.24,0.00,0.24,0.24,0.24,0.24,0.24,0.24,0.24,0.24,0.24,0.24,0.24,0.24,0.24,0.24
Alnooh,Ahmed,aa7716@example.com,Finished,"6 April 2022  11:41 AM","6 April 2022  11:55 AM","13 mins 23 secs",9.05,0.24,0.24,0.24,0.00,0.24,0.24,0.24,0.24,0.24,0.24,0.24,0.24,0.24,0.24,0.24,0.24,0.24,0.24,0.24,0.24,0.24,0.24,0.24,0.24,0.24,0.00,0.24,0.00,0.24,0.24,0.24,0.24,0.24,0.24,0.24,0.24,0.24,0.24,0.24,0.00,0.24,0.24
Touhami,Iyad,it7783@example.com,Finished,"6 April 2022  11:42 AM","6 April 2022  12:21 PM","39 mins 21 secs",7.86,0.00,0.24,0.24,0.24,0.24,0.24,0.24,0.24,0.24,0.24,0.24,0.24,0.24,0.24,0.24,0.00,0.24,0.24,0.24,0.24,0.24,0.00,0.24,0.24,0.00,0.00,0.00,0.00,0.24,0.24,0.24,0.24,0.00,0.00,0.24,0.24,0.24,0.24,0.24,0.24,0.24,0.24
Abdulamer,Nemer,na10828@example.com,Finished,"6 April 2022  11:42 AM","6 April 2022  12:11 PM","29 mins 20 secs",4.29,0.00,0.00,0.24,0.24,0.24,0.00,0.24,0.24,0.24,0.24,0.24,0.24,0.00,0.00,0.24,0.24,0.24,0.00,0.00,0.00,0.00,0.00,0.00,0.00,0.00,0.00,0.00,0.00,0.24,0.24,0.00,0.00,0.00,0.24,0.00,0.24,0.00,0.24,0.00,0.00,0.00,0.24
Malik,Muhammad-Hasan,mm7737@example.com,Finished,"7 April 2022  10:18 AM","7 April 2022  10:53 AM","34 mins 38 secs",3.57,0.00,0.00,0.00,0.00,0.00,0.00,0.00,0.24,0.24,0.24,0.24,0.24,0.24,0.24,0.24,0.00,0.00,0.00,0.00,0.00,0.00,0.00,0.00,0.00,0.00,0.00,0.00,0.24,0.24,0.00,0.00,0.00,0.00,0.00,0.00,0.24,0.24,0.00,0.24,0.24,0.00,0.24
Chaudhry,Mohammed,mc8874@example.com,Finished,"7 April 2022  10:18 AM","7 April 2022  11:00 AM","42 mins 14 secs",8.33,0.24,0.00,0.24,0.00,0.24,0.24,0.24,0.24,0.24,0.24,0.24,0.24,0.24,0.24,0.24,0.24,0.24,0.24,0.24,0.24,0.24,0.00,0.00,0.24,0.24,0.24,0.24,0.00,0.24,0.00,0.24,0.24,0.24,0.24,0.00,0.24,0.24,0.24,0.24,0.24,0.24,0.24
Bhowmick,Tanishi,tb12452@example.com,Finished,"7 April 2022  10:18 AM","7 April 2022  10:42 AM","23 mins 52 secs",9.05,0.24,0.24,0.24,0.24,0.24,0.24,0.24,0.24,0.24,0.24,0.24,0.00,0.24,0.24,0.24,0.24,0.24,0.24,0.24,0.24,0.24,0.24,0.24,0.24,0.24,0.24,0.24,0.00,0.24,0.00,0.24,0.24,0.24,0.24,0.24,0.24,0.24,0.24,0.00,0.24,0.24,0.24
Hammad,Mahd,mh7735@example.com,Finished,"7 April 2022  10:18 AM","7 April 2022  10:44 AM","26 mins 25 secs",5.48,0.00,0.24,0.00,0.00,0.00,0.24,0.00,0.24,0.00,0.24,0.24,0.24,0.00,0.24,0.24,0.24,0.24,0.00,0.24,0.24,0.00,0.00,0.00,0.24,0.00,0.00,0.24,0.00,0.00,0.24,0.24,0.24,0.24,0.00,0.24,0.24,0.24,0.00,0.00,0.00,0.24,0.24
Qarooni,Danial,dq8000@example.com,Finished,"7 April 2022  10:18 AM","7 April 2022  10:32 AM","14 mins 18 secs",9.52,0.00,0.24,0.24,0.24,0.24,0.24,0.24,0.24,0.24,0.24,0.24,0.00,0.24,0.24,0.24,0.24,0.24,0.24,0.24,0.24,0.24,0.24,0.24,0.24,0.24,0.24,0.24,0.24,0.24,0.24,0.24,0.24,0.24,0.24,0.24,0.24,0.24,0.24,0.24,0.24,0.24,0.24
"Du Preez",Marcus,md10295@example.com,Finished,"7 April 2022  10:18 AM","7 April 2022  10:43 AM","24 mins 51 secs",8.10,0.00,0.00,0.00,0.00,0.24,0.24,0.24,0.24,0.24,0.24,0.24,0.24,0.24,0.24,0.24,0.24,0.24,0.24,0.24,0.24,0.24,0.24,0.24,0.00,0.00,0.24,0.24,0.00,0.24,0.24,0.24,0.24,0.24,0.00,0.24,0.24,0.24,0.24,0.24,0.24,0.24,0.24
Liakou,Georgia,gl12439@example.com,Finished,"7 April 2022  10:18 AM","7 April 2022  10:39 AM","20 mins 41 secs",8.81,0.24,0.24,0.24,0.00,0.24,0.24,0.24,0.24,0.24,0.24,0.24,0.24,0.00,0.24,0.24,0.24,0.24,0.24,0.24,0.24,0.24,0.24,0.00,0.24,0.24,0.00,0.24,0.00,0.24,0.24,0.24,0.24,0.24,0.24,0.24,0.24,0.24,0.24,0.24,0.24,0.24,0.24
Matta,Jolie,jm12506@example.com,Finished,"7 April 2022  10:18 AM","7 April 2022  10:44 AM","25 mins 54 secs",7.14,0.00,0.00,0.24,0.24,0.24,0.24,0.24,0.24,0.24,0.24,0.24,0.00,0.24,0.24,0.24,0.24,0.24,0.00,0.00,0.24,0.24,0.24,0.24,0.24,0.00,0.00,0.24,0.00,0.24,0.24,0.24,0.24,0.00,0.00,0.24,0.24,0.24,0.24,0.00,0.00,0.24,0.24
Vaidyanathan,Nikita,nv7784@example.com,Finished,"7 April 2022  10:18 AM","7 April 2022  10:55 AM","36 mins 48 secs",8.33,0.00,0.24,0.24,0.24,0.24,0.24,0.24,0.24,0.24,0.24,0.24,0.24,0.24,0.24,0.24,0.24,0.24,0.24,0.24,0.24,0.00,0.00,0.00,0.24,0.24,0.24,0.24,0.00,0.24,0.24,0.24,0.24,0.24,0.24,0.24,0.24,0.24,0.24,0.00,0.00,0.24,0.24
Petticrew,Owen,po11911@example.com,Finished,"7 April 2022  10:18 AM","7 April 2022  10:44 AM","25 mins 51 secs",5.95,0.00,0.00,0.24,0.24,0.24,0.24,0.24,0.24,0.24,0.00,0.24,0.24,0.24,0.24,0.00,0.24,0.24,0.00,0.00,0.00,0.24,0.24,0.00,0.24,0.00,0.00,0.00,0.00,0.24,0.00,0.00,0.24,0.00,0.24,0.00,0.24,0.24,0.24,0.24,0.00,0.24,0.24
Phin,Rylee,rp12233@example.com,Finished,"7 April 2022  10:18 AM","7 April 2022  10:49 AM","31 mins",7.38,0.24,0.00,0.24,0.00,0.00,0.24,0.24,0.24,0.24,0.00,0.24,0.24,0.24,0.24,0.24,0.24,0.24,0.24,0.00,0.24,0.24,0.00,0.24,0.24,0.24,0.24,0.24,0.24,0.24,0.24,0.24,0.24,0.00,0.00,0.24,0.24,0.24,0.24,0.00,0.00,0.24,0.00
Goodson-Wickes,Isabella,ig8382@example.com,Finished,"7 April 2022  10:18 AM","7 April 2022  10:56 AM","38 mins 13 secs",7.62,0.00,0.00,0.24,0.00,0.24,0.24,0.24,0.24,0.24,0.00,0.24,0.24,0.24,0.24,0.24,0.24,0.24,0.24,0.24,0.24,0.24,0.24,0.00,0.00,0.00,0.24,0.24,0.00,0.24,0.24,0.24,0.24,0.24,0.24,0.24,0.24,0.24,0.24,0.00,0.00,0.24,0.24
Korkmaz,Nazli,nk11664@example.com,Finished,"7 April 2022  10:18 AM","7 April 2022  10:50 AM","32 mins 11 secs",9.52,0.24,0.24,0.24,0.00,0.24,0.24,0.24,0.24,0.24,0.24,0.24,0.24,0.24,0.24,0.24,0.24,0.24,0.24,0.24,0.24,0.24,0.24,0.24,0.24,0.24,0.24,0.24,0.00,0.24,0.24,0.24,0.24,0.24,0.24,0.24,0.24,0.24,0.24,0.24,0.24,0.24,0.24
Alamuddin,Mohamad,ma11187@example.com,Finished,"7 April 2022  10:18 AM","7 April 2022  10:58 AM","39 mins 34 secs",8.81,0.24,0.24,0.24,0.24,0.24,0.24,0.24,0.24,0.24,0.24,0.24,0.24,0.24,0.24,0.24,0.24,0.24,0.24,0.24,0.24,0.24,0.24,0.00,0.24,0.24,0.24,0.00,0.00,0.24,0.00,0.24,0.24,0.24,0.24,0.24,0.24,0.24,0.24,0.00,0.24,0.24,0.24
"Al Aali",Saleh,sa7744@example.com,Finished,"7 April 2022  10:18 AM","7 April 2022  10:51 AM","33 mins 24 secs",10.00,0.24,0.24,0.24,0.24,0.24,0.24,0.24,0.24,0.24,0.24,0.24,0.24,0.24,0.24,0.24,0.24,0.24,0.24,0.24,0.24,0.24,0.24,0.24,0.24,0.24,0.24,0.24,0.24,0.24,0.24,0.24,0.24,0.24,0.24,0.24,0.24,0.24,0.24,0.24,0.24,0.24,0.24
Cole,Emily,ec10026@example.com,Finished,"7 April 2022  10:18 AM","7 April 2022  10:44 AM","26 mins 15 secs",9.52,0.24,0.24,0.24,0.24,0.24,0.24,0.24,0.24,0.24,0.24,0.24,0.24,0.24,0.24,0.24,0.24,0.24,0.24,0.24,0.24,0.24,0.24,0.24,0.24,0.24,0.24,0.00,0.24,0.24,0.24,0.24,0.24,0.24,0.24,0.24,0.24,0.24,0.24,0.24,0.00,0.24,0.24
Arun,Krishna,ak12500@example.com,Finished,"7 April 2022  10:18 AM","7 April 2022  10:53 AM","35 mins 25 secs",6.43,0.00,0.00,0.24,0.00,0.24,0.24,0.24,0.24,0.24,0.24,0.24,0.24,0.24,0.24,0.24,0.00,0.24,0.00,0.24,0.24,0.00,0.00,0.24,0.00,0.24,0.24,0.00,0.00,0.00,0.00,0.24,0.24,0.24,0.00,0.24,0.24,0.24,0.24,0.00,0.00,0.24,0.24
Hevesy,Emma,eh10012@example.com,Finished,"7 April 2022  10:18 AM","7 April 2022  10:56 AM","38 mins 4 secs",7.38,0.00,0.24,0.24,0.00,0.24,0.24,0.24,0.24,0.24,0.00,0.24,0.00,0.24,0.24,0.24,0.00,0.24,0.24,0.24,0.24,0.24,0.00,0.24,0.00,0.00,0.24,0.24,0.00,0.24,0.24,0.00,0.24,0.24,0.24,0.24,0.24,0.24,0.24,0.24,0.00,0.24,0.24
Manning,Annelies,am10335@example.com,Finished,"7 April 2022  10:18 AM","7 April 2022  10:58 AM","40 mins 13 secs",8.33,0.24,0.24,0.24,0.00,0.24,0.24,0.24,0.24,0.24,0.24,0.24,0.00,0.24,0.24,0.24,0.24,0.24,0.24,0.24,0.24,0.00,0.24,0.24,0.00,0.00,0.24,0.00,0.24,0.24,0.24,0.24,0.24,0.24,0.24,0.24,0.24,0.24,0.24,0.24,0.00,0.24,0.24
Boels,Alexandre,ab7993@example.com,Finished,"7 April 2022  10:18 AM","7 April 2022  10:58 AM","39 mins 40 secs",6.19,0.00,0.24,0.24,0.24,0.24,0.24,0.24,0.24,0.24,0.24,0.24,0.24,0.00,0.24,0.24,0.24,0.24,0.24,0.00,0.24,0.00,0.00,0.24,0.00,0.00,0.00,0.24,0.00,0.24,0.24,0.24,0.24,0.00,0.24,0.00,0.00,0.00,0.24,0.24,0.00,0.00,0.00
Faraj,Serene,sf7827@example.com,Finished,"7 April 2022  10:18 AM","7 April 2022  10:48 AM","30 mins 10 secs",4.52,0.00,0.24,0.24,0.00,0.00,0.24,0.24,0.24,0.24,0.00,0.24,0.24,0.24,0.00,0.24,0.24,0.00,0.00,0.00,0.00,0.24,0.00,0.00,0.00,0.00,0.00,0.00,0.24,0.24,0.00,0.00,0.24,0.24,0.00,0.00,0.00,0.00,0.00,0.24,0.00,0.24,0.24
Hasan,Ziyad,zh7720@example.com,Finished,"7 April 2022  10:18 AM","7 April 2022  10:58 AM","39 mins 38 secs",6.90,0.00,0.00,0.24,0.24,0.00,0.24,0.24,0.24,0.24,0.24,0.24,0.24,0.00,0.24,0.00,0.00,0.24,0.24,0.24,0.24,0.24,0.24,0.00,0.24,0.24,0.24,0.00,0.00,0.24,0.24,0.24,0.24,0.00,0.24,0.00,0.24,0.24,0.24,0.24,0.00,0.00,0.24
Nagy,Alessia,an7746@example.com,Finished,"25 April 2022  11:40 AM","25 April 2022  12:14 PM","34 mins 2 secs",9.52,0.24,0.24,0.24,0.24,0.24,0.24,0.24,0.24,0.24,0.24,0.24,0.24,0.24,0.24,0.24,0.24,0.24,0.00,0.24,0.24,0.24,0.24,0.24,0.24,0.24,0.24,0.00,0.24,0.24,0.24,0.24,0.24,0.24,0.24,0.24,0.24,0.24,0.24,0.24,0.24,0.24,0.24
"Sierra Gallego",Agatha,as11799@example.com,Finished,"25 April 2022  11:40 AM","25 April 2022  12:09 PM","28 mins 14 secs",6.43,0.00,0.00,0.24,0.24,0.24,0.24,0.24,0.24,0.24,0.24,0.24,0.24,0.24,0.24,0.24,0.00,0.24,0.24,0.24,0.00,0.00,0.00,0.00,0.24,0.00,0.00,0.00,0.00,0.24,0.00,0.24,0.24,0.24,0.00,0.24,0.24,0.24,0.24,0.24,0.00,0.00,0.24
Weeks-Barnitt,Adam,aw8810@example.com,Finished,"25 April 2022  11:40 AM","25 April 2022  12:32 PM","51 mins 30 secs",9.52,0.24,0.24,0.24,0.24,0.24,0.24,0.24,0.24,0.24,0.24,0.24,0.24,0.24,0.00,0.24,0.24,0.24,0.24,0.24,0.24,0.24,0.24,0.24,0.24,0.24,0.24,0.24,0.24,0.24,0.00,0.24,0.24,0.24,0.24,0.24,0.24,0.24,0.24,0.24,0.24,0.24,0.24
Sharaf,Maryam,ms12440@example.com,Finished,"25 April 2022  11:40 AM","25 April 2022  12:14 PM","33 mins 15 secs",8.81,0.24,0.24,0.24,0.24,0.24,0.24,0.24,0.24,0.24,0.24,0.24,0.24,0.24,0.24,0.24,0.24,0.24,0.24,0.24,0.00,0.24,0.24,0.24,0.00,0.00,0.24,0.24,0.00,0.24,0.24,0.24,0.24,0.24,0.24,0.24,0.24,0.24,0.24,0.24,0.00,0.24,0.24
McElroy,Lara,lm8229@example.com,Finished,"25 April 2022  11:40 AM","25 April 2022  12:29 PM","48 mins 32 secs",7.86,0.24,0.24,0.00,0.24,0.24,0.24,0.24,0.24,0.24,0.00,0.24,0.24,0.24,0.24,0.24,0.24,0.24,0.24,0.24,0.00,0.24,0.24,0.00,0.24,0.24,0.24,0.00,0.24,0.00,0.24,0.24,0.24,0.24,0.24,0.24,0.24,0.24,0.24,0.00,0.00,0.00,0.24
Cornee,Ileana,ic9337@example.com,Finished,"25 April 2022  11:40 AM","25 April 2022  12:14 PM","34 mins 8 secs",9.29,0.24,0.24,0.24,0.00,0.24,0.24,0.24,0.24,0.24,0.24,0.24,0.24,0.24,0.00,0.24,0.24,0.24,0.24,0.24,0.24,0.24,0.24,0.24,0.24,0.24,0.24,0.24,0.24,0.24,0.00,0.24,0.24,0.24,0.24,0.24,0.24,0.24,0.24,0.24,0.24,0.24,0.24
Economou,Leila,le100023@example.com,Finished,"25 April 2022  11:40 AM","25 April 2022  12:14 PM","34 mins 4 secs",8.33,0.24,0.00,0.24,0.00,0.24,0.24,0.24,0.24,0.24,0.24,0.24,0.24,0.00,0.24,0.24,0.00,0.24,0.24,0.24,0.24,0.24,0.24,0.24,0.24,0.24,0.24,0.24,0.24,0.24,0.24,0.24,0.24,0.24,0.00,0.00,0.24,0.24,0.24,0.24,0.24,0.24,0.00
Hassan,Asser,ah7771@example.com,Finished,"25 April 2022  11:40 AM","25 April 2022  12:11 PM","30 mins 27 secs",5.71,0.24,0.00,0.24,0.24,0.24,0.24,0.24,0.24,0.24,0.24,0.24,0.24,0.24,0.24,0.24,0.24,0.24,0.00,0.00,0.24,0.00,0.00,0.00,0.00,0.24,0.00,0.00,0.24,0.24,0.00,0.00,0.24,0.00,0.00,0.00,0.24,0.24,0.24,0.00,0.00,0.00,0.00
Al-Dajani,Selma,sa7921@example.com,"In progress","25 April 2022  11:40 AM",-,-,-,-,-,-,-,-,-,-,-,-,-,-,-,-,-,-,-,-,-,-,-,-,-,-,-,-,-,-,-,-,-,-,-,-,-,-,-,-,-,-,-,-,-
Soussan,Lila,ls11982@example.com,Finished,"25 April 2022  11:40 AM","25 April 2022  12:10 PM","29 mins 43 secs",9.05,0.24,0.00,0.24,0.24,0.24,0.24,0.24,0.24,0.24,0.24,0.24,0.24,0.24,0.24,0.24,0.24,0.24,0.24,0.24,0.24,0.24,0.24,0.24,0.24,0.24,0.00,0.24,0.00,0.24,0.24,0.24,0.24,0.24,0.24,0.24,0.24,0.24,0.24,0.24,0.00,0.24,0.24
Ghareeb,Laya,lg7727@example.com,Finished,"25 April 2022  11:40 AM","25 April 2022  12:35 PM","54 mins 59 secs",8.10,0.24,0.00,0.24,0.24,0.24,0.24,0.24,0.24,0.24,0.24,0.24,0.24,0.24,0.24,0.24,0.24,0.24,0.24,0.24,0.24,0.00,0.24,0.24,0.24,0.24,0.00,0.24,0.00,0.24,0.24,0.24,0.24,0.24,0.00,0.00,0.24,0.24,0.24,0.24,0.00,0.00,0.24
Kyriakidis,Grigorios,gk12441@example.com,"In progress","25 April 2022  11:40 AM",-,-,-,-,-,-,-,-,-,-,-,-,-,-,-,-,-,-,-,-,-,-,-,-,-,-,-,-,-,-,-,-,-,-,-,-,-,-,-,-,-,-,-,-,-
Isa,Yara,yi11104@example.com,"In progress","25 April 2022  11:40 AM",-,-,-,-,-,-,-,-,-,-,-,-,-,-,-,-,-,-,-,-,-,-,-,-,-,-,-,-,-,-,-,-,-,-,-,-,-,-,-,-,-,-,-,-,-
Robson,Jennah,jr8379@example.com,Finished,"25 April 2022  11:41 AM","25 April 2022  12:14 PM","33 mins 6 secs",8.81,0.24,0.24,0.24,0.24,0.24,0.24,0.24,0.24,0.24,0.24,0.24,0.24,0.24,0.24,0.24,0.24,0.24,0.24,0.24,0.00,0.24,0.24,0.24,0.00,0.00,0.24,0.24,0.00,0.24,0.24,0.24,0.24,0.24,0.24,0.24,0.24,0.24,0.24,0.24,0.00,0.24,0.24
Farrell,Rian,rf10719@example.com,Finished,"25 April 2022  11:41 AM","25 April 2022  12:32 PM","51 mins 34 secs",6.19,0.00,0.24,0.24,0.24,0.24,0.24,0.24,0.24,0.00,0.00,0.00,0.24,0.00,0.00,0.24,0.00,0.24,0.24,0.24,0.24,0.24,0.24,0.24,0.00,0.24,0.24,0.00,0.24,0.00,0.00,0.24,0.24,0.00,0.24,0.24,0.00,0.24,0.00,0.00,0.00,0.24,0.24
Troger,Nick,nt12436@example.com,Finished,"25 April 2022  11:41 AM","25 April 2022  12:27 PM","46 mins 54 secs",8.81,0.24,0.00,0.24,0.00,0.00,0.24,0.24,0.24,0.24,0.24,0.24,0.24,0.24,0.24,0.24,0.24,0.24,0.24,0.24,0.24,0.24,0.24,0.24,0.24,0.24,0.00,0.24,0.24,0.24,0.24,0.24,0.24,0.24,0.24,0.24,0.24,0.24,0.24,0.00,0.24,0.24,0.24
"Ochoa Mata",Tomas,to12515@example.com,Finished,"25 April 2022  11:41 AM","25 April 2022  12:29 PM","48 mins 42 secs",5.00,0.24,0.00,0.00,0.00,0.24,0.24,0.24,0.24,0.24,0.00,0.24,0.00,0.00,0.24,0.24,0.24,0.24,0.24,0.00,0.00,0.00,0.00,0.00,0.00,0.00,0.00,0.00,0.00,0.24,0.24,0.00,0.24,0.00,0.24,0.00,0.00,0.24,0.24,0.00,0.24,0.24,0.24
Baalbaki,Kinda,kb7724@example.com,Finished,"25 April 2022  11:41 AM","25 April 2022  11:58 AM","17 mins 7 secs",5.48,0.00,0.00,0.24,0.00,0.00,0.24,0.24,0.24,0.24,0.00,0.24,0.24,0.00,0.24,0.24,0.00,0.24,0.24,0.24,0.00,0.24,0.00,0.00,0.00,0.00,0.24,0.00,0.00,0.24,0.00,0.24,0.24,0.00,0.24,0.00,0.24,0.24,0.24,0.24,0.00,0.00,0.24
AlSarraf,Bander,ba11670@example.com,Finished,"25 April 2022  11:41 AM","25 April 2022  12:28 PM","46 mins 27 secs",8.33,0.00,0.00,0.00,0.24,0.24,0.24,0.24,0.24,0.24,0.24,0.24,0.24,0.24,0.24,0.24,0.24,0.24,0.24,0.24,0.24,0.24,0.24,0.24,0.00,0.00,0.00,0.00,0.24,0.24,0.24,0.24,0.24,0.24,0.24,0.24,0.24,0.24,0.24,0.24,0.24,0.24,0.24
Khatib,Kareem,kk12451@example.com,Finished,"25 April 2022  11:42 AM","25 April 2022  12:20 PM","38 mins 27 secs",10.00,0.24,0.24,0.24,0.24,0.24,0.24,0.24,0.24,0.24,0.24,0.24,0.24,0.24,0.24,0.24,0.24,0.24,0.24,0.24,0.24,0.24,0.24,0.24,0.24,0.24,0.24,0.24,0.24,0.24,0.24,0.24,0.24,0.24,0.24,0.24,0.24,0.24,0.24,0.24,0.24,0.24,0.24
"Hidalgo Kalai","Ana Sofia",ah12235@example.com,Finished,"25 April 2022  11:42 AM","25 April 2022  12:32 PM","49 mins 34 secs",4.05,0.00,0.24,0.00,0.24,0.24,0.00,0.24,0.24,0.24,0.24,0.24,0.00,0.24,0.24,0.00,0.00,0.24,0.00,0.00,0.00,0.24,0.00,0.00,0.00,-,0.00,0.00,0.00,0.24,0.00,0.24,0.24,0.00,0.24,0.00,-,0.00,0.24,0.00,0.00,0.00,0.00
Leptokaridis,Ion,il100196@example.com,"In progress","25 April 2022  11:46 AM",-,-,-,-,-,-,-,-,-,-,-,-,-,-,-,-,-,-,-,-,-,-,-,-,-,-,-,-,-,-,-,-,-,-,-,-,-,-,-,-,-,-,-,-,-
"Overall average",,,,,,,7.63,0.14,0.15,0.17,0.15,0.21,0.22,0.23,0.24,0.22,0.19,0.23,0.19,0.19,0.20,0.23,0.16,0.22,0.17,0.17,0.19,0.18,0.15,0.16,0.16,0.13,0.15,0.15,0.08,0.21,0.15,0.20,0.21,0.19,0.17,0.18,0.21,0.21,0.22,0.16,0.14,0.16,0.19
